{"_type":"export","__export_format":4,"__export_date":"2023-04-10T04:24:02.156Z","__export_source":"insomnia.desktop.app:v2023.1.0","resources":[{"_id":"req_0bc7f898f3f548f5bd2947102c750778","parentId":"fld_bce9fbc2efd24acb98411ed75ec260ec","modified":1678730648861,"created":1678730372580,"url":"{{ _.appUrl }}/projectmanager/addsuggestion","name":"addfeedback","description":"","method":"POST","body":{"mimeType":"application/json","text":"{\n\t\"feedback\": \"ot's ooka\",\n\t\"topicId\": 1\n}\t"},"parameters":[],"headers":[{"name":"Content-Type","value":"application/json"}],"authentication":{"type":"bearer","token":"{{ _.projectmanger_token }}","prefix":"{{ _.preFix }}"},"metaSortKey":-1678730523972.5,"isPrivate":false,"settingStoreCookies":true,"settingSendCookies":true,"settingDisableRenderRequestBody":false,"settingEncodeUrl":true,"settingRebuildPath":true,"settingFollowRedirects":"global","_type":"request"},{"_id":"fld_bce9fbc2efd24acb98411ed75ec260ec","parentId":"wrk_cf0fb3f46a9c4588878418fb9a90ed12","modified":1678730435199,"created":1678730364040,"name":"projectmanager","description":"","environment":{},"environmentPropertyOrder":null,"metaSortKey":-1678726484126.25,"_type":"request_group"},{"_id":"wrk_cf0fb3f46a9c4588878418fb9a90ed12","parentId":null,"modified":1678009951579,"created":1673497355426,"name":"ProjectManagement","description":"","scope":"collection","_type":"workspace"},{"_id":"req_ae9ed419fe354a9c972b2b5a009fab94","parentId":"fld_bce9fbc2efd24acb98411ed75ec260ec","modified":1679248462410,"created":1679248437588,"url":"{{ _.appUrl }}/projectmanager/gettopics?courseId=17","name":"gettopics","description":"","method":"POST","body":{},"parameters":[],"headers":[],"authentication":{"type":"bearer","token":"{{ _.projectmanger_token }}","prefix":"{{ _.preFix }}"},"metaSortKey":-1678730486490.25,"isPrivate":false,"settingStoreCookies":true,"settingSendCookies":true,"settingDisableRenderRequestBody":false,"settingEncodeUrl":true,"settingRebuildPath":true,"settingFollowRedirects":"global","_type":"request"},{"_id":"req_3b06eb6f7ce349f6aea1117dadef35b6","parentId":"fld_bce9fbc2efd24acb98411ed75ec260ec","modified":1678730483671,"created":1678730449008,"url":"{{ _.appUrl }}/projectmanager/hello","name":"New Request","description":"","method":"GET","body":{},"parameters":[],"headers":[],"authentication":{"type":"bearer","prefix":"{{ _.preFix }}","token":"{{ _.projectmanger_token }}"},"metaSortKey":-1678730449008,"isPrivate":false,"settingStoreCookies":true,"settingSendCookies":true,"settingDisableRenderRequestBody":false,"settingEncodeUrl":true,"settingRebuildPath":true,"settingFollowRedirects":"global","_type":"request"},{"_id":"req_b89be010b04b4ac9aba3d1160e078702","parentId":"fld_bce9fbc2efd24acb98411ed75ec260ec","modified":1679766142818,"created":1679765404140,"url":"{{ _.appUrl }}/projectmanager/gettopicsofchannel?channelId=21","name":"getcoursesbysubbatchid","description":"","method":"POST","body":{},"parameters":[],"headers":[],"authentication":{"type":"bearer","prefix":"{{ _.preFix }}","token":"{{ _.projectmanger_token }}"},"metaSortKey":-1677122701642,"isPrivate":false,"settingStoreCookies":true,"settingSendCookies":true,"settingDisableRenderRequestBody":false,"settingEncodeUrl":true,"settingRebuildPath":true,"settingFollowRedirects":"global","_type":"request"},{"_id":"req_23fc304be31e452a879fd4d7ba8e958d","parentId":"fld_bce9fbc2efd24acb98411ed75ec260ec","modified":1679767111888,"created":1679766363562,"url":"{{ _.appUrl }}/projectmanager/getchannel?courseId=17&subBatch=2","name":"getchannel","description":"","method":"POST","body":{},"parameters":[],"headers":[],"authentication":{"type":"bearer","prefix":"{{ _.preFix }}","token":"{{ _.projectmanger_token }}"},"metaSortKey":-1676720764800.5,"isPrivate":false,"settingStoreCookies":true,"settingSendCookies":true,"settingDisableRenderRequestBody":false,"settingEncodeUrl":true,"settingRebuildPath":true,"settingFollowRedirects":"global","_type":"request"},{"_id":"req_24ba8934415a446aa9f738f53c07b7db","parentId":"fld_bce9fbc2efd24acb98411ed75ec260ec","modified":1679766035590,"created":1679766029210,"url":"{{ _.appUrl }}/projectmanager/gettopicsofchannel?channelId=2","name":"gettopicsofchannel","description":"","method":"POST","body":{},"parameters":[],"headers":[],"authentication":{"type":"bearer","prefix":"{{ _.preFix }}","token":"{{ _.projectmanger_token }}"},"metaSortKey":-1676318827959,"isPrivate":false,"settingStoreCookies":true,"settingSendCookies":true,"settingDisableRenderRequestBody":false,"settingEncodeUrl":true,"settingRebuildPath":true,"settingFollowRedirects":"global","_type":"request"},{"_id":"req_003dfc12556543dd86a6c7347088c9f8","parentId":"fld_351431183b11480894b982080a459b71","modified":1678646466245,"created":1678532774712,"url":"{{ _.appUrl }}/courseowner/hello","name":"heelo","description":"","method":"GET","body":{},"parameters":[],"headers":[],"authentication":{"type":"bearer","token":"{{ _.courserowner_token }}","prefix":"{{ _.preFix }}"},"metaSortKey":-1674758025261.539,"isPrivate":false,"settingStoreCookies":true,"settingSendCookies":true,"settingDisableRenderRequestBody":false,"settingEncodeUrl":true,"settingRebuildPath":true,"settingFollowRedirects":"global","_type":"request"},{"_id":"fld_351431183b11480894b982080a459b71","parentId":"wrk_cf0fb3f46a9c4588878418fb9a90ed12","modified":1678531712456,"created":1678531712456,"name":"COURSEOWNER","description":"","environment":{},"environmentPropertyOrder":null,"metaSortKey":-1678531712456,"_type":"request_group"},{"_id":"req_1fcf944cd2794b538892e0dbf618801d","parentId":"fld_351431183b11480894b982080a459b71","modified":1678956662868,"created":1678954784758,"url":"{{ _.appUrl }}/courseowner/getcourseforcourseowner","name":"getcourseforcourseowner","description":"","method":"GET","body":{},"parameters":[],"headers":[],"authentication":{"type":"bearer","token":"{{ _.courserowner_token }}","prefix":"{{ _.preFix }}"},"metaSortKey":-1674758025258.414,"isPrivate":false,"settingStoreCookies":true,"settingSendCookies":true,"settingDisableRenderRequestBody":false,"settingEncodeUrl":true,"settingRebuildPath":true,"settingFollowRedirects":"global","_type":"request"},{"_id":"req_93d96c55f925481894241e90b3245948","parentId":"fld_351431183b11480894b982080a459b71","modified":1679248526638,"created":1678531801189,"url":"{{ _.appUrl }}/courseowner/addtopic","name":"addtopic","description":"","method":"POST","body":{"mimeType":"application/json","text":"{\n\t\"topicName\": \"topicName1\",\n\t\"topicDescription\": \"topicDescription2\",\n\t\"courseId\":17,\n\t\"excpectedTimeForCompeletionInMinutes\":120\n}"},"parameters":[],"headers":[{"name":"Content-Type","value":"application/json"}],"authentication":{"type":"bearer","token":"{{ _.courserowner_token }}","prefix":"{{ _.preFix }}"},"metaSortKey":-1674758025255.289,"isPrivate":false,"settingStoreCookies":true,"settingSendCookies":true,"settingDisableRenderRequestBody":false,"settingEncodeUrl":true,"settingRebuildPath":true,"settingFollowRedirects":"global","_type":"request"},{"_id":"req_0e753b7c4f584318a14470f4f5f7f14d","parentId":"fld_351431183b11480894b982080a459b71","modified":1679049054823,"created":1678540759125,"url":"{{ _.appUrl }}/courseowner/updatetopic","name":"updatetopic","description":"","method":"POST","body":{"mimeType":"application/json","text":"{\n\t\"topicId\":1,\n\t\"topicName\": \"topicName16\",\n\t\"topicDescription\": \"sxa\",\n\t\"excpectedTimeForCompeletionInMinutes\":13,\n\t\"courseId\": 1\n}"},"parameters":[],"headers":[{"name":"Content-Type","value":"application/json"}],"authentication":{"type":"bearer","token":"{{ _.courserowner_token }}","prefix":"{{ _.preFix }}"},"metaSortKey":-1674758025249.039,"isPrivate":false,"settingStoreCookies":true,"settingSendCookies":true,"settingDisableRenderRequestBody":false,"settingEncodeUrl":true,"settingRebuildPath":true,"settingFollowRedirects":"global","_type":"request"},{"_id":"req_ffc78e77efa24f24adacfccb508f7704","parentId":"fld_351431183b11480894b982080a459b71","modified":1679045938039,"created":1679038332069,"url":"{{ _.appUrl }}/courseowner/updatestatusoftopic?topicId=2","name":"updatestatusoftopic","description":"","method":"POST","body":{},"parameters":[],"headers":[],"authentication":{"type":"bearer","token":"{{ _.courserowner_token }}","prefix":"{{ _.preFix }}"},"metaSortKey":-1674758025184.6738,"isPrivate":false,"settingStoreCookies":true,"settingSendCookies":true,"settingDisableRenderRequestBody":false,"settingEncodeUrl":true,"settingRebuildPath":true,"settingFollowRedirects":"global","_type":"request"},{"_id":"req_63526fcd487a47aabe0008f5ef176f09","parentId":"fld_351431183b11480894b982080a459b71","modified":1679252413728,"created":1678542077094,"url":"{{ _.appUrl }}/courseowner/getTopic?courseId=17","name":"getTopic","description":"","method":"GET","body":{},"parameters":[],"headers":[],"authentication":{"type":"bearer","token":"{{ _.courserowner_token }}","prefix":"{{ _.preFix }}"},"metaSortKey":-1674758025120.3086,"isPrivate":false,"settingStoreCookies":true,"settingSendCookies":true,"settingDisableRenderRequestBody":false,"settingEncodeUrl":true,"settingRebuildPath":true,"settingFollowRedirects":"global","_type":"request"},{"_id":"req_f44053cce0684fb1a13b646c2895271c","parentId":"fld_351431183b11480894b982080a459b71","modified":1679141882597,"created":1678560476023,"url":"{{ _.appUrl }}/courseowner/addchannel","name":"addchannel","description":"","method":"POST","body":{"mimeType":"application/json","text":"{\n\t\"channelName\": \"channelName1\",\n\t\"channelDescription\": \"topicDescription2\",\n\t\"courseId\":21\n}\t"},"parameters":[],"headers":[{"name":"Content-Type","value":"application/json"}],"authentication":{"type":"bearer","token":"{{ _.courserowner_token }}","prefix":"{{ _.preFix }}"},"metaSortKey":-1674758025070.3086,"isPrivate":false,"settingStoreCookies":true,"settingSendCookies":true,"settingDisableRenderRequestBody":false,"settingEncodeUrl":true,"settingRebuildPath":true,"settingFollowRedirects":"global","_type":"request"},{"_id":"req_9b8e29dee9204bd4b9e01c0ae756b6fd","parentId":"fld_351431183b11480894b982080a459b71","modified":1678979906149,"created":1678562069156,"url":"{{ _.appUrl }}/courseowner/updatechannel","name":"updatechannel","description":"","method":"POST","body":{"mimeType":"application/json","text":"{\n\t\"channelID\":6,\n\t\"channelName\": \"122\",\n\t\"channelDescription\": \"topicDescription2\",\n\t\"isDeleted\":true,\n\t\"courseId\":2\n}"},"parameters":[],"headers":[{"name":"Content-Type","value":"application/json"}],"authentication":{"type":"bearer","token":"{{ _.courserowner_token }}","prefix":"{{ _.preFix }}"},"metaSortKey":-1674758025043.4434,"isPrivate":false,"settingStoreCookies":true,"settingSendCookies":true,"settingDisableRenderRequestBody":false,"settingEncodeUrl":true,"settingRebuildPath":true,"settingFollowRedirects":"global","_type":"request"},{"_id":"req_92a674af522a4a0da4db948f63e1c21a","parentId":"fld_351431183b11480894b982080a459b71","modified":1679253991819,"created":1678562998100,"url":"{{ _.appUrl }}/courseowner/getchannels?courseId=18","name":"getchannels","description":"","method":"GET","body":{},"parameters":[],"headers":[],"authentication":{"type":"bearer","token":"{{ _.courserowner_token }}","prefix":"{{ _.preFix }}"},"metaSortKey":-1674758024993.4434,"isPrivate":false,"settingStoreCookies":true,"settingSendCookies":true,"settingDisableRenderRequestBody":false,"settingEncodeUrl":true,"settingRebuildPath":true,"settingFollowRedirects":"global","_type":"request"},{"_id":"req_0559ed4b0db34667b1c3733c4b0af0b3","parentId":"fld_351431183b11480894b982080a459b71","modified":1678979953384,"created":1678979931254,"url":"{{ _.appUrl }}/courseowner/updatestatusofchannel?channelId=6","name":"updatestatusofchannel","description":"","method":"POST","body":{},"parameters":[],"headers":[],"authentication":{"type":"bearer","token":"{{ _.courserowner_token }}","prefix":"{{ _.preFix }}"},"metaSortKey":-1674758024968.4434,"isPrivate":false,"settingStoreCookies":true,"settingSendCookies":true,"settingDisableRenderRequestBody":false,"settingEncodeUrl":true,"settingRebuildPath":true,"settingFollowRedirects":"global","_type":"request"},{"_id":"req_948b1e3561874b50938f66c5dfb5676a","parentId":"fld_351431183b11480894b982080a459b71","modified":1679141901153,"created":1678641744132,"url":"{{ _.appUrl }}/courseowner/addtopicsinchannel","name":"addtopicsinchannel","description":"","method":"POST","body":{"mimeType":"application/json","text":"{\n\t\"channelId\": 9,\n\t\"topics\": [12]\n}\t"},"parameters":[],"headers":[{"name":"Content-Type","value":"application/json"}],"authentication":{"type":"bearer","token":"{{ _.courserowner_token }}","prefix":"{{ _.preFix }}"},"metaSortKey":-1674758024943.4434,"isPrivate":false,"settingStoreCookies":true,"settingSendCookies":true,"settingDisableRenderRequestBody":false,"settingEncodeUrl":true,"settingRebuildPath":true,"settingFollowRedirects":"global","_type":"request"},{"_id":"req_858146192de94dbaa774ca0655e3b5eb","parentId":"fld_351431183b11480894b982080a459b71","modified":1678643865796,"created":1678643855487,"url":"{{ _.appUrl }}/courseowner/updatetopicsinchannel","name":"updatetopicsinchannel","description":"","method":"POST","body":{"mimeType":"application/json","text":"{\n\t\"channelId\": 7,\n\t\"topics\": [1,2,3,4,1]\n}\t"},"parameters":[],"headers":[{"name":"Content-Type","value":"application/json"}],"authentication":{"type":"bearer","token":"{{ _.courserowner_token }}","prefix":"{{ _.preFix }}"},"metaSortKey":-1674758024851.2803,"isPrivate":false,"settingStoreCookies":true,"settingSendCookies":true,"settingDisableRenderRequestBody":false,"settingEncodeUrl":true,"settingRebuildPath":true,"settingFollowRedirects":"global","_type":"request"},{"_id":"req_f6f4029f94c44d709c32efa2dda6031b","parentId":"fld_351431183b11480894b982080a459b71","modified":1679252448779,"created":1678643893757,"url":"{{ _.appUrl }}/courseowner/gettopicsofchannel?channelId=13","name":"gettopicsofchannel","description":"","method":"GET","body":{},"parameters":[],"headers":[],"authentication":{"type":"bearer","token":"{{ _.courserowner_token }}","prefix":"{{ _.preFix }}"},"metaSortKey":-1674758024801.2803,"isPrivate":false,"settingStoreCookies":true,"settingSendCookies":true,"settingDisableRenderRequestBody":false,"settingEncodeUrl":true,"settingRebuildPath":true,"settingFollowRedirects":"global","_type":"request"},{"_id":"req_47b1ab5fb56c440ab8d80c3462753531","parentId":"fld_351431183b11480894b982080a459b71","modified":1679252686906,"created":1679252282575,"url":"{{ _.appUrl }}/courseowner/gettopicsfromchannelforupdate?channelId=21","name":"getTopicsFromChannelForUpdate","description":"","method":"POST","body":{},"parameters":[],"headers":[],"authentication":{"type":"bearer","token":"{{ _.courserowner_token }}","prefix":"{{ _.preFix }}"},"metaSortKey":-1674758024780.1987,"isPrivate":false,"settingStoreCookies":true,"settingSendCookies":true,"settingDisableRenderRequestBody":false,"settingEncodeUrl":true,"settingRebuildPath":true,"settingFollowRedirects":"global","_type":"request"},{"_id":"req_f4cf9316c26a47baa80f0a52e5901e22","parentId":"fld_351431183b11480894b982080a459b71","modified":1679253149129,"created":1679253118106,"url":"{{ _.appUrl }}/courseowner/updatestatusoftopicsofmappedchannel?channelMappingID=14","name":"updatestatusoftopicsofmappedchannel","description":"","method":"POST","body":{},"parameters":[],"headers":[],"authentication":{"type":"bearer","token":"{{ _.courserowner_token }}","prefix":"{{ _.preFix }}"},"metaSortKey":-1674758024769.658,"isPrivate":false,"settingStoreCookies":true,"settingSendCookies":true,"settingDisableRenderRequestBody":false,"settingEncodeUrl":true,"settingRebuildPath":true,"settingFollowRedirects":"global","_type":"request"},{"_id":"req_9ca278429e0a46f4b96538b9587c1fd8","parentId":"fld_351431183b11480894b982080a459b71","modified":1679142012239,"created":1678645857646,"url":"{{ _.appUrl }}/courseowner/mapchanneltosubbatch","name":"mapchanneltosubbatch","description":"","method":"POST","body":{"mimeType":"application/json","text":"{\n\t\"channelId\": 9,\n\t\"subBatchId\": 16\n}\t"},"parameters":[],"headers":[{"name":"Content-Type","value":"application/json"}],"authentication":{"type":"bearer","token":"{{ _.courserowner_token }}","prefix":"{{ _.preFix }}"},"metaSortKey":-1674758024751.2803,"isPrivate":false,"settingStoreCookies":true,"settingSendCookies":true,"settingDisableRenderRequestBody":false,"settingEncodeUrl":true,"settingRebuildPath":true,"settingFollowRedirects":"global","_type":"request"},{"_id":"req_7e02b578e0fc4584afe6fbccc7d9a89c","parentId":"fld_351431183b11480894b982080a459b71","modified":1679162865489,"created":1679162846616,"url":"{{ _.appUrl }}/courseowner/getmappedchanneltosubbatch?subBatchId=2","name":"getmappedchanneltosubbatch","description":"","method":"POST","body":{},"parameters":[],"headers":[],"authentication":{"type":"bearer","token":"{{ _.courserowner_token }}","prefix":"{{ _.preFix }}"},"metaSortKey":-1674758024688.8743,"isPrivate":false,"settingStoreCookies":true,"settingSendCookies":true,"settingDisableRenderRequestBody":false,"settingEncodeUrl":true,"settingRebuildPath":true,"settingFollowRedirects":"global","_type":"request"},{"_id":"req_7da3d548090d4679a18da51a0eb0ba3f","parentId":"fld_351431183b11480894b982080a459b71","modified":1679140664549,"created":1678647212345,"url":"{{ _.appUrl }}/courseowner/unmapchanneltosubbatch","name":"unmapchanneltosubbatch","description":"","method":"POST","body":{"mimeType":"application/json","text":"{\n\t\"channelId\": 1,\n\t\"subBatchId\": 1\n}"},"parameters":[],"headers":[{"name":"Content-Type","value":"application/json"}],"authentication":{"type":"bearer","token":"{{ _.courserowner_token }}","prefix":"{{ _.preFix }}"},"metaSortKey":-1674758024626.4683,"isPrivate":false,"settingStoreCookies":true,"settingSendCookies":true,"settingDisableRenderRequestBody":false,"settingEncodeUrl":true,"settingRebuildPath":true,"settingFollowRedirects":"global","_type":"request"},{"_id":"req_ad4f090dbf384b0291f4a39661acb036","parentId":"fld_351431183b11480894b982080a459b71","modified":1679141995371,"created":1679128733420,"url":"{{ _.appUrl }}/courseowner/getsubbatches?batchId=34","name":"getsubbatches","description":"","method":"GET","body":{},"parameters":[],"headers":[],"authentication":{"type":"bearer","token":"{{ _.courserowner_token }}","prefix":"{{ _.preFix }}"},"metaSortKey":-1674758024557.7651,"isPrivate":false,"settingStoreCookies":true,"settingSendCookies":true,"settingDisableRenderRequestBody":false,"settingEncodeUrl":true,"settingRebuildPath":true,"settingFollowRedirects":"global","_type":"request"},{"_id":"req_3aadee08216d48488d4daa76783889ea","parentId":"fld_351431183b11480894b982080a459b71","modified":1679128808384,"created":1679128792008,"url":"{{ _.appUrl }}/courseowner/getbatches","name":"getbatches","description":"","method":"GET","body":{},"parameters":[],"headers":[],"authentication":{"type":"bearer","token":"{{ _.courserowner_token }}","prefix":"{{ _.preFix }}"},"metaSortKey":-1674758024548.4136,"isPrivate":false,"settingStoreCookies":true,"settingSendCookies":true,"settingDisableRenderRequestBody":false,"settingEncodeUrl":true,"settingRebuildPath":true,"settingFollowRedirects":"global","_type":"request"},{"_id":"req_fcfb5453f3ac4f03883ca72be53d0424","parentId":"fld_351431183b11480894b982080a459b71","modified":1679142066834,"created":1678731557806,"url":"{{ _.appUrl }}/courseowner/getfeedbacksoftopic?topicId=12","name":"getfeedbacksoftopic","description":"","method":"GET","body":{},"parameters":[],"headers":[],"authentication":{"type":"bearer","token":"{{ _.courserowner_token }}","prefix":"{{ _.preFix }}"},"metaSortKey":-1674758024543.7378,"isPrivate":false,"settingStoreCookies":true,"settingSendCookies":true,"settingDisableRenderRequestBody":false,"settingEncodeUrl":true,"settingRebuildPath":true,"settingFollowRedirects":"global","_type":"request"},{"_id":"req_4051348a254f4a9d8360373a6ce985ef","parentId":"fld_351431183b11480894b982080a459b71","modified":1678732419938,"created":1678732411591,"url":"{{ _.appUrl }}/courseowner/updatefeedbacksoftopic?feedbackId=1","name":"updatefeedbacksoftopic","description":"","method":"GET","body":{},"parameters":[],"headers":[],"authentication":{"type":"bearer","token":"{{ _.courserowner_token }}","prefix":"{{ _.preFix }}"},"metaSortKey":-1674758024539.0623,"isPrivate":false,"settingStoreCookies":true,"settingSendCookies":true,"settingDisableRenderRequestBody":false,"settingEncodeUrl":true,"settingRebuildPath":true,"settingFollowRedirects":"global","_type":"request"},{"_id":"req_4b207873ff3b48458107f34982b97921","parentId":"fld_ffac7c5f507a4da39243ef8a691fa650","modified":1678044004606,"created":1674758042059,"url":"{{ _.appUrl }}/locationadmin/hello","name":"say","description":"","method":"GET","body":{},"parameters":[],"headers":[],"authentication":{"type":"bearer","token":"{{ _.locationadmin_token }}","prefix":"{{ _.preFix }}"},"metaSortKey":-1674758042059,"isPrivate":false,"settingStoreCookies":true,"settingSendCookies":true,"settingDisableRenderRequestBody":false,"settingEncodeUrl":true,"settingRebuildPath":true,"settingFollowRedirects":"global","_type":"request"},{"_id":"fld_ffac7c5f507a4da39243ef8a691fa650","parentId":"wrk_cf0fb3f46a9c4588878418fb9a90ed12","modified":1677960362398,"created":1674740530268,"name":"locationadmin","description":"","environment":{},"environmentPropertyOrder":null,"metaSortKey":-1674740548433,"_type":"request_group"},{"_id":"req_a40c714d4d2942c299dca452d45b805f","parentId":"fld_ffac7c5f507a4da39243ef8a691fa650","modified":1679300211223,"created":1678039188051,"url":"{{ _.appUrl }}/locationadmin/addcourse","name":"addcourse","description":"","method":"POST","body":{"mimeType":"application/json","text":"{\n\t\"courseName\": \"darshit\",\n\t\"courseDescription\": \"dkcd\"\n}"},"parameters":[],"headers":[{"name":"Content-Type","value":"application/json"}],"authentication":{"type":"bearer","token":"{{ _.locationadmin_token }}","prefix":"{{ _.preFix }}"},"metaSortKey":-1674758025531.5,"isPrivate":false,"settingStoreCookies":true,"settingSendCookies":true,"settingDisableRenderRequestBody":false,"settingEncodeUrl":true,"settingRebuildPath":true,"settingFollowRedirects":"global","_type":"request"},{"_id":"req_7addcd95099144b4b5547abe2881018e","parentId":"fld_ffac7c5f507a4da39243ef8a691fa650","modified":1679756549687,"created":1678042957815,"url":"{{ _.appUrl }}/locationadmin/updatecourse","name":"updatecourse","description":"","method":"POST","body":{"mimeType":"application/json","text":"{\n\t\"courseName\": \"12\",\n\t\"courseDescription\": \"Gem\",\n\t\"courseId\":2,\n\t\"isDeleted\":false\n}"},"parameters":[],"headers":[{"name":"Content-Type","value":"application/json"}],"authentication":{"type":"bearer","token":"{{ _.locationadmin_token }}","prefix":"{{ _.preFix }}"},"metaSortKey":-1674758025016.5781,"isPrivate":false,"settingStoreCookies":true,"settingSendCookies":true,"settingDisableRenderRequestBody":false,"settingEncodeUrl":true,"settingRebuildPath":true,"settingFollowRedirects":"global","_type":"request"},{"_id":"req_36777144d6db468a826c43f743832f97","parentId":"fld_ffac7c5f507a4da39243ef8a691fa650","modified":1679059038964,"created":1679059010718,"url":"{{ _.appUrl }}/locationadmin/updatestatusofcourse?courseId=1","name":"updatestatusofcourse","description":"","method":"POST","body":{},"parameters":[],"headers":[],"authentication":{"type":"bearer","token":"{{ _.locationadmin_token }}","prefix":"{{ _.preFix }}"},"metaSortKey":-1674758025005.0107,"isPrivate":false,"settingStoreCookies":true,"settingSendCookies":true,"settingDisableRenderRequestBody":false,"settingEncodeUrl":true,"settingRebuildPath":true,"settingFollowRedirects":"global","_type":"request"},{"_id":"req_33e87c81fcdb4f31884bc3d081496970","parentId":"fld_ffac7c5f507a4da39243ef8a691fa650","modified":1678528212725,"created":1678043969565,"url":"{{ _.appUrl }}/locationadmin/getcourse","name":"getcourse","description":"","method":"GET","body":{},"parameters":[],"headers":[],"authentication":{"type":"bearer","token":"{{ _.locationadmin_token }}","prefix":"{{ _.preFix }}"},"metaSortKey":-1674758024759.1172,"isPrivate":false,"settingStoreCookies":true,"settingSendCookies":true,"settingDisableRenderRequestBody":false,"settingEncodeUrl":true,"settingRebuildPath":true,"settingFollowRedirects":"global","_type":"request"},{"_id":"req_4ce64a31f46e4ab89ffb7e9994ba0319","parentId":"fld_ffac7c5f507a4da39243ef8a691fa650","modified":1681043712650,"created":1681043710563,"url":"{{ _.appUrl }}/locationadmin/getLineChartData","name":"getLineChartData","description":"","method":"GET","body":{},"parameters":[],"headers":[],"authentication":{"type":"bearer","token":"{{ _.locationadmin_token }}","prefix":"{{ _.preFix }}"},"metaSortKey":-1674758024755.1987,"isPrivate":false,"settingStoreCookies":true,"settingSendCookies":true,"settingDisableRenderRequestBody":false,"settingEncodeUrl":true,"settingRebuildPath":true,"settingFollowRedirects":"global","_type":"request"},{"_id":"req_c457ca164d794b469e73ac2eab8f0539","parentId":"fld_ffac7c5f507a4da39243ef8a691fa650","modified":1681066096009,"created":1681066087761,"url":"{{ _.appUrl }}/locationadmin/getbarchartdata","name":"getbarchartdata","description":"","method":"GET","body":{},"parameters":[],"headers":[],"authentication":{"type":"bearer","token":"{{ _.locationadmin_token }}","prefix":"{{ _.preFix }}"},"metaSortKey":-1674758024753.2395,"isPrivate":false,"settingStoreCookies":true,"settingSendCookies":true,"settingDisableRenderRequestBody":false,"settingEncodeUrl":true,"settingRebuildPath":true,"settingFollowRedirects":"global","_type":"request"},{"_id":"req_9fc9dcf2fd3b4de79ba508b640463c8e","parentId":"fld_ffac7c5f507a4da39243ef8a691fa650","modified":1679595793618,"created":1677959170990,"url":"{{ _.appUrl }}/locationadmin/addlocationmember","name":"addlocationmember","description":"","method":"POST","body":{"mimeType":"application/json","text":"{\n\t\"firstname\": \"raja\",\n\t\"lastname\": \"Gem\",\n\t\"email\": \"hello12@example.com\",\n\t\"password\": \"pass\",\n\t\"role\": \"CANDIDATE\"\n}"},"parameters":[],"headers":[{"name":"Content-Type","value":"application/json"}],"authentication":{"type":"bearer","token":"{{ _.locationadmin_token }}","prefix":"{{ _.preFix }}"},"metaSortKey":-1674758024501.6562,"isPrivate":false,"settingStoreCookies":true,"settingSendCookies":true,"settingDisableRenderRequestBody":false,"settingEncodeUrl":true,"settingRebuildPath":true,"settingFollowRedirects":"global","_type":"request"},{"_id":"req_bce115055a554b88a91de1283f43c198","parentId":"fld_ffac7c5f507a4da39243ef8a691fa650","modified":1679315763598,"created":1679315679173,"url":"{{ _.appUrl }}/locationadmin/updatestatuslocationmember?userId=13","name":"updatestatuslocationmember","description":"","method":"POST","body":{},"parameters":[],"headers":[],"authentication":{"type":"bearer","token":"{{ _.locationadmin_token }}","prefix":"{{ _.preFix }}"},"metaSortKey":-1674758024372.9258,"isPrivate":false,"settingStoreCookies":true,"settingSendCookies":true,"settingDisableRenderRequestBody":false,"settingEncodeUrl":true,"settingRebuildPath":true,"settingFollowRedirects":"global","_type":"request"},{"_id":"req_a8eae0b02c2f490aa0689f33be51024c","parentId":"fld_ffac7c5f507a4da39243ef8a691fa650","modified":1678728075603,"created":1678728071209,"url":"{{ _.appUrl }}/locationadmin/getlocationmembers","name":"getlocationmembers","description":"","method":"GET","body":{},"parameters":[],"headers":[],"authentication":{"type":"bearer","token":"{{ _.locationadmin_token }}","prefix":"{{ _.preFix }}"},"metaSortKey":-1674758024244.1953,"isPrivate":false,"settingStoreCookies":true,"settingSendCookies":true,"settingDisableRenderRequestBody":false,"settingEncodeUrl":true,"settingRebuildPath":true,"settingFollowRedirects":"global","_type":"request"},{"_id":"req_05b1be550fe7400db051549c3623a025","parentId":"fld_ffac7c5f507a4da39243ef8a691fa650","modified":1679315751843,"created":1679259270205,"url":"{{ _.appUrl }}/locationadmin/getlocationmembers","name":"getlocationmembers","description":"","method":"GET","body":{"mimeType":"application/json","text":"{\n\t\"roles\" : \"CANDIDATE\"\n}"},"parameters":[],"headers":[{"name":"Content-Type","value":"application/json"}],"authentication":{"type":"bearer","token":"{{ _.locationadmin_token }}","prefix":"{{ _.preFix }}"},"metaSortKey":-1674758024115.4648,"isPrivate":false,"settingStoreCookies":true,"settingSendCookies":true,"settingDisableRenderRequestBody":false,"settingEncodeUrl":true,"settingRebuildPath":true,"settingFollowRedirects":"global","_type":"request"},{"_id":"req_2050aad625f54621a7aac7a29d5606b3","parentId":"fld_ffac7c5f507a4da39243ef8a691fa650","modified":1679328726909,"created":1679287420621,"url":"{{ _.appUrl }}/locationadmin/getprojectmanager","name":"getprojectmanager","description":"","method":"POST","body":{},"parameters":[],"headers":[],"authentication":{"type":"bearer","token":"{{ _.locationadmin_token }}","prefix":"{{ _.preFix }}"},"metaSortKey":-1674758024051.0996,"isPrivate":false,"settingStoreCookies":true,"settingSendCookies":true,"settingDisableRenderRequestBody":false,"settingEncodeUrl":true,"settingRebuildPath":true,"settingFollowRedirects":"global","_type":"request"},{"_id":"req_2ccd4b7e560e4fbebaff15466f5d145e","parentId":"fld_ffac7c5f507a4da39243ef8a691fa650","modified":1679287471365,"created":1679287469564,"url":"{{ _.appUrl }}/locationadmin/getcourseowners","name":"getcourseowners","description":"","method":"POST","body":{},"parameters":[],"headers":[],"authentication":{"type":"bearer","token":"{{ _.locationadmin_token }}","prefix":"{{ _.preFix }}"},"metaSortKey":-1674758024018.917,"isPrivate":false,"settingStoreCookies":true,"settingSendCookies":true,"settingDisableRenderRequestBody":false,"settingEncodeUrl":true,"settingRebuildPath":true,"settingFollowRedirects":"global","_type":"request"},{"_id":"req_8db667e9b2054dcd8d8ea4face2ffda9","parentId":"fld_ffac7c5f507a4da39243ef8a691fa650","modified":1679328743117,"created":1679328733247,"url":"{{ _.appUrl }}/locationadmin/getcandidates","name":"getcandidates","description":"","method":"POST","body":{},"parameters":[],"headers":[],"authentication":{"type":"bearer","token":"{{ _.locationadmin_token }}","prefix":"{{ _.preFix }}"},"metaSortKey":-1674758024002.8257,"isPrivate":false,"settingStoreCookies":true,"settingSendCookies":true,"settingDisableRenderRequestBody":false,"settingEncodeUrl":true,"settingRebuildPath":true,"settingFollowRedirects":"global","_type":"request"},{"_id":"req_90205a3933884bf6bc19cc7a4802b8c3","parentId":"fld_ffac7c5f507a4da39243ef8a691fa650","modified":1679313901318,"created":1678530949686,"url":"{{ _.appUrl }}/locationadmin/updatelocationmember","name":"updatelocationmember","description":"","method":"POST","body":{"mimeType":"application/json","text":"{\n    \"userId\": 21,\n    \"firstname\": \"hiii \",\n    \"email\": \"demo\",\n    \"password\": \"passs\",\n    \"role\": \"COURSEOWNER\",\n    \"isDeleted\": false\n}"},"parameters":[],"headers":[{"name":"Content-Type","value":"application/json"}],"authentication":{"type":"bearer","token":"{{ _.locationadmin_token }}","prefix":"{{ _.preFix }}"},"metaSortKey":-1674758023986.7344,"isPrivate":false,"settingStoreCookies":true,"settingSendCookies":true,"settingDisableRenderRequestBody":false,"settingEncodeUrl":true,"settingRebuildPath":true,"settingFollowRedirects":"global","_type":"request"},{"_id":"req_1e505393cbe84166acfbd627815433d8","parentId":"fld_ffac7c5f507a4da39243ef8a691fa650","modified":1679141937055,"created":1678376628027,"url":"{{ _.appUrl }}/locationadmin/addsubbatch","name":"addsubbatch","description":"","method":"POST","body":{"mimeType":"application/json","text":"{\n\t\"subBatchName\": \"subBatch1\",\n\t\"batchId\": 34\n}"},"parameters":[],"headers":[{"name":"Content-Type","value":"application/json"}],"authentication":{"type":"bearer","token":"{{ _.locationadmin_token }}","prefix":"{{ _.preFix }}"},"metaSortKey":-1674758023471.8125,"isPrivate":false,"settingStoreCookies":true,"settingSendCookies":true,"settingDisableRenderRequestBody":false,"settingEncodeUrl":true,"settingRebuildPath":true,"settingFollowRedirects":"global","_type":"request"},{"_id":"req_d5be64f1b9204237a6e31308224d336f","parentId":"fld_ffac7c5f507a4da39243ef8a691fa650","modified":1679255822220,"created":1678382553366,"url":"{{ _.appUrl }}/locationadmin/getsubbatches?batchId=3","name":"getsubbatches","description":"","method":"GET","body":{},"parameters":[],"headers":[],"authentication":{"type":"bearer","token":"{{ _.locationadmin_token }}","prefix":"{{ _.preFix }}"},"metaSortKey":-1674758023214.3516,"isPrivate":false,"settingStoreCookies":true,"settingSendCookies":true,"settingDisableRenderRequestBody":false,"settingEncodeUrl":true,"settingRebuildPath":true,"settingFollowRedirects":"global","_type":"request"},{"_id":"req_5eb57381d09444eaa9e5e7d8d1be3daf","parentId":"fld_ffac7c5f507a4da39243ef8a691fa650","modified":1678529755075,"created":1678384679770,"url":"{{ _.appUrl }}/locationadmin/updatesubbatch","name":"updatesubbatch","description":"","method":"POST","body":{"mimeType":"application/json","text":"{\n\t\"subBatchId\":1,\n\t\"batchId\": 1,\n\t\"subBatchName\": \"subBatchnew1\"\n}"},"parameters":[],"headers":[{"name":"Content-Type","value":"application/json"}],"authentication":{"type":"bearer","token":"{{ _.locationadmin_token }}","prefix":"{{ _.preFix }}"},"metaSortKey":-1674758023085.621,"isPrivate":false,"settingStoreCookies":true,"settingSendCookies":true,"settingDisableRenderRequestBody":false,"settingEncodeUrl":true,"settingRebuildPath":true,"settingFollowRedirects":"global","_type":"request"},{"_id":"req_0ef39d499a7f4abea168af08bcc7fa79","parentId":"fld_ffac7c5f507a4da39243ef8a691fa650","modified":1679330988218,"created":1678388787179,"url":"{{ _.appUrl }}/locationadmin/mapcandidatetosubbatch","name":"mapcandidatetosubbatch","description":"","method":"POST","body":{"mimeType":"application/json","text":"{\n\t\"candidatesIds\": [16,25],\n\t\"subBatch\": 2\n}"},"parameters":[],"headers":[{"name":"Content-Type","value":"application/json"}],"authentication":{"type":"bearer","token":"{{ _.locationadmin_token }}","prefix":"{{ _.preFix }}"},"metaSortKey":-1674758022956.8906,"isPrivate":false,"settingStoreCookies":true,"settingSendCookies":true,"settingDisableRenderRequestBody":false,"settingEncodeUrl":true,"settingRebuildPath":true,"settingFollowRedirects":"global","_type":"request"},{"_id":"req_5bdc2c78bd634f6fb89a3ba14937d368","parentId":"fld_ffac7c5f507a4da39243ef8a691fa650","modified":1679330731942,"created":1679330710148,"url":"{{ _.appUrl }}/locationadmin/getcandidatebysubbatch?subBatchId=2","name":"getcandidatebysubbatch","description":"","method":"POST","body":{},"parameters":[],"headers":[],"authentication":{"type":"bearer","token":"{{ _.locationadmin_token }}","prefix":"{{ _.preFix }}"},"metaSortKey":-1674758022828.1602,"isPrivate":false,"settingStoreCookies":true,"settingSendCookies":true,"settingDisableRenderRequestBody":false,"settingEncodeUrl":true,"settingRebuildPath":true,"settingFollowRedirects":"global","_type":"request"},{"_id":"req_dca25456c3e44b6286380fa87ed02d3a","parentId":"fld_ffac7c5f507a4da39243ef8a691fa650","modified":1679331024550,"created":1678442846063,"url":"{{ _.appUrl }}/locationadmin/unmapcandidatetosubbatch","name":"unmapcandidatetosubbatch","description":"","method":"POST","body":{"mimeType":"application/json","text":"{\n\t\"candidatesIds\": [16,25],\n\t\"subBatch\": 2\n}"},"parameters":[],"headers":[{"name":"Content-Type","value":"application/json"}],"authentication":{"type":"bearer","token":"{{ _.locationadmin_token }}","prefix":"{{ _.preFix }}"},"metaSortKey":-1674758022699.4297,"isPrivate":false,"settingStoreCookies":true,"settingSendCookies":true,"settingDisableRenderRequestBody":false,"settingEncodeUrl":true,"settingRebuildPath":true,"settingFollowRedirects":"global","_type":"request"},{"_id":"req_d3eb72fddd62416291cc6083b04d6609","parentId":"fld_ffac7c5f507a4da39243ef8a691fa650","modified":1678371976325,"created":1678371776344,"url":"{{ _.appUrl }}/locationadmin/addbatch","name":"addBatch","description":"","method":"POST","body":{"mimeType":"application/json","text":"{\n\t\"batchName\": \"Batch 35\",\n\t\"batchDescription\": \"Batch Description\",\n\t\"dateOfEndTraining\": \"2023-03-01\",\n\t\"dateOfJoining\": \"2023-03-01\"\n}"},"parameters":[],"headers":[{"name":"Content-Type","value":"application/json"}],"authentication":{"type":"bearer","token":"{{ _.locationadmin_token }}","prefix":"{{ _.preFix }}"},"metaSortKey":-1674758021412.125,"isPrivate":false,"settingStoreCookies":true,"settingSendCookies":true,"settingDisableRenderRequestBody":false,"settingEncodeUrl":true,"settingRebuildPath":true,"settingFollowRedirects":"global","_type":"request"},{"_id":"req_2d2a03bf8ebd4294a3cc1fe815bc427c","parentId":"fld_ffac7c5f507a4da39243ef8a691fa650","modified":1679063191866,"created":1679063152753,"url":"{{ _.appUrl }}/locationadmin/updatestatusofbatch?batchId=1","name":"updatestatusofbatch","description":"","method":"POST","body":{},"parameters":[],"headers":[],"authentication":{"type":"bearer","token":"{{ _.locationadmin_token }}","prefix":"{{ _.preFix }}"},"metaSortKey":-1674758020897.2031,"isPrivate":false,"settingStoreCookies":true,"settingSendCookies":true,"settingDisableRenderRequestBody":false,"settingEncodeUrl":true,"settingRebuildPath":true,"settingFollowRedirects":"global","_type":"request"},{"_id":"req_2085de92ae7a48a6b294ba876699f0fa","parentId":"fld_ffac7c5f507a4da39243ef8a691fa650","modified":1679314992936,"created":1679314992936,"url":"{{ _.appUrl }}/locationadmin/updatestatusofbatch?batchId=1","name":"updatestatuslocationmember","description":"","method":"POST","body":{},"parameters":[],"headers":[],"authentication":{"type":"bearer","token":"{{ _.locationadmin_token }}","prefix":"{{ _.preFix }}"},"metaSortKey":-1674758020639.7422,"isPrivate":false,"settingStoreCookies":true,"settingSendCookies":true,"settingDisableRenderRequestBody":false,"settingEncodeUrl":true,"settingRebuildPath":true,"settingFollowRedirects":"global","_type":"request"},{"_id":"req_514c064e7c6e49c4b813f7e628f92405","parentId":"fld_ffac7c5f507a4da39243ef8a691fa650","modified":1678529768290,"created":1678374002356,"url":"{{ _.appUrl }}/locationadmin/getbatches","name":"getbatches","description":"","method":"GET","body":{},"parameters":[],"headers":[],"authentication":{"type":"bearer","token":"{{ _.locationadmin_token }}","prefix":"{{ _.preFix }}"},"metaSortKey":-1674758020382.2812,"isPrivate":false,"settingStoreCookies":true,"settingSendCookies":true,"settingDisableRenderRequestBody":false,"settingEncodeUrl":true,"settingRebuildPath":true,"settingFollowRedirects":"global","_type":"request"},{"_id":"req_0768c654404846a89b2ef7ea6eb7d111","parentId":"fld_ffac7c5f507a4da39243ef8a691fa650","modified":1678529633688,"created":1678372263795,"url":"{{ _.appUrl }}/locationadmin/updatebatch","name":"updateBatch","description":"","method":"POST","body":{"mimeType":"application/json","text":"{\n\t\"batchId\":6,\n\t\"batchName\": \"Batch 35\",\n\t\"batchDescription\": \"sx Description\",\n\t\"dateOfEndTraining\": \"2023-03-01\",\n\t\"dateOfJoining\": \"2023-03-01\",\n\t\"isDeleted\": true\n}"},"parameters":[],"headers":[{"name":"Content-Type","value":"application/json"}],"authentication":{"type":"bearer","token":"{{ _.locationadmin_token }}","prefix":"{{ _.preFix }}"},"metaSortKey":-1674758019352.4375,"isPrivate":false,"settingStoreCookies":true,"settingSendCookies":true,"settingDisableRenderRequestBody":false,"settingEncodeUrl":true,"settingRebuildPath":true,"settingFollowRedirects":"global","_type":"request"},{"_id":"req_12c693bfa9dd446ab40ed89a2a53ac9b","parentId":"fld_ffac7c5f507a4da39243ef8a691fa650","modified":1679300229013,"created":1678046001532,"url":"{{ _.appUrl }}/locationadmin/mapcourseownerstocourse","name":"mapcourseownerstocourse","description":"","method":"POST","body":{"mimeType":"application/json","text":"{\n\t\"courseOwners\": [13],\n\t\"courseId\": 20\n}"},"parameters":[],"headers":[{"name":"Content-Type","value":"application/json"}],"authentication":{"type":"bearer","token":"{{ _.locationadmin_token }}","prefix":"{{ _.preFix }}"},"metaSortKey":-1674758013173.375,"isPrivate":false,"settingStoreCookies":true,"settingSendCookies":true,"settingDisableRenderRequestBody":false,"settingEncodeUrl":true,"settingRebuildPath":true,"settingFollowRedirects":"global","_type":"request"},{"_id":"req_cf49b80a93c74546acd6f4e541daff12","parentId":"fld_ffac7c5f507a4da39243ef8a691fa650","modified":1679300190323,"created":1678047220856,"url":"{{ _.appUrl }}/locationadmin/unmappedcoursetocourseowner","name":"unmappedcoursetocourseowner","description":"","method":"POST","body":{"mimeType":"application/json","text":"{\n\t\"courseId\": 17,\n\t\"userId\": 13\n}"},"parameters":[],"headers":[{"name":"Content-Type","value":"application/json"}],"authentication":{"type":"bearer","token":"{{ _.locationadmin_token }}","prefix":"{{ _.preFix }}"},"metaSortKey":-1674758011113.6875,"isPrivate":false,"settingStoreCookies":true,"settingSendCookies":true,"settingDisableRenderRequestBody":false,"settingEncodeUrl":true,"settingRebuildPath":true,"settingFollowRedirects":"global","_type":"request"},{"_id":"req_2e3f256388f4486ea0a085e960e03d9b","parentId":"fld_ffac7c5f507a4da39243ef8a691fa650","modified":1679300236385,"created":1679292190186,"url":"{{ _.appUrl }}/locationadmin/getcourseownersbycourseid?courseId=20","name":"getcourseowners","description":"","method":"POST","body":{},"parameters":[],"headers":[],"authentication":{"type":"bearer","token":"{{ _.locationadmin_token }}","prefix":"{{ _.preFix }}"},"metaSortKey":-1674758010598.7656,"isPrivate":false,"settingStoreCookies":true,"settingSendCookies":true,"settingDisableRenderRequestBody":false,"settingEncodeUrl":true,"settingRebuildPath":true,"settingFollowRedirects":"global","_type":"request"},{"_id":"req_abe82bcfe9f544bd87752c362438fd77","parentId":"fld_ffac7c5f507a4da39243ef8a691fa650","modified":1678535069186,"created":1678535055293,"url":"{{ _.appUrl }}/locationadmin/getcourseownerstocourse","name":"getcourseownerstocourse","description":"","method":"GET","body":{},"parameters":[],"headers":[],"authentication":{"type":"bearer","token":"{{ _.locationadmin_token }}","prefix":"{{ _.preFix }}"},"metaSortKey":-1674758010083.8438,"isPrivate":false,"settingStoreCookies":true,"settingSendCookies":true,"settingDisableRenderRequestBody":false,"settingEncodeUrl":true,"settingRebuildPath":true,"settingFollowRedirects":"global","_type":"request"},{"_id":"req_1a9946361bc54b9d9fef8d3ae9c840cd","parentId":"fld_c196f90ee40743d6b4c4f079386c20b8","modified":1678531528210,"created":1674758009054,"url":"{{ _.appUrl }}/candidate/hello","name":"say","description":"","method":"GET","body":{},"parameters":[],"headers":[],"authentication":{"type":"bearer","token":"{{ _.candidate_token }}","prefix":"{{ _.preFix }}"},"metaSortKey":-1674758009054,"isPrivate":false,"settingStoreCookies":true,"settingSendCookies":true,"settingDisableRenderRequestBody":false,"settingEncodeUrl":true,"settingRebuildPath":true,"settingFollowRedirects":"global","_type":"request"},{"_id":"fld_c196f90ee40743d6b4c4f079386c20b8","parentId":"wrk_cf0fb3f46a9c4588878418fb9a90ed12","modified":1678531479552,"created":1674740521235,"name":"Candidate","description":"","environment":{},"environmentPropertyOrder":null,"metaSortKey":-1674740521235,"_type":"request_group"},{"_id":"req_26ee55fb9c0a4b318d213efffc6b58d4","parentId":"fld_c196f90ee40743d6b4c4f079386c20b8","modified":1679257328009,"created":1678648822984,"url":"{{ _.appUrl }}/candidate/addfeedback","name":"addfeedback","description":"","method":"POST","body":{"mimeType":"application/json","text":"{\n\t\"feedback\": \"ot's cdwec\",\n\t\"topicId\": 20\n}\t"},"parameters":[],"headers":[{"name":"Content-Type","value":"application/json"}],"authentication":{"type":"bearer","token":"{{ _.candidate_token }}","prefix":"{{ _.preFix }}"},"metaSortKey":-1674758009004,"isPrivate":false,"settingStoreCookies":true,"settingSendCookies":true,"settingDisableRenderRequestBody":false,"settingEncodeUrl":true,"settingRebuildPath":true,"settingFollowRedirects":"global","_type":"request"},{"_id":"req_38b65380e9194101bff5769407978ac9","parentId":"fld_c196f90ee40743d6b4c4f079386c20b8","modified":1679255891033,"created":1679255648691,"url":"{{ _.appUrl }}/candidate/getcourse","name":"getcourse","description":"","method":"GET","body":{"mimeType":"application/json","text":""},"parameters":[],"headers":[{"name":"Content-Type","value":"application/json"}],"authentication":{"type":"bearer","token":"{{ _.candidate_token }}","prefix":"{{ _.preFix }}"},"metaSortKey":-1674757977525.5,"isPrivate":false,"settingStoreCookies":true,"settingSendCookies":true,"settingDisableRenderRequestBody":false,"settingEncodeUrl":true,"settingRebuildPath":true,"settingFollowRedirects":"global","_type":"request"},{"_id":"req_725e01988281454b9eedaa87338f46ad","parentId":"fld_c196f90ee40743d6b4c4f079386c20b8","modified":1679256401050,"created":1679256374430,"url":"{{ _.appUrl }}/candidate/getchannel?courseId=17","name":"getchannel","description":"","method":"POST","body":{"mimeType":"application/json","text":""},"parameters":[],"headers":[{"name":"Content-Type","value":"application/json"}],"authentication":{"type":"bearer","token":"{{ _.candidate_token }}","prefix":"{{ _.preFix }}"},"metaSortKey":-1674757961786.25,"isPrivate":false,"settingStoreCookies":true,"settingSendCookies":true,"settingDisableRenderRequestBody":false,"settingEncodeUrl":true,"settingRebuildPath":true,"settingFollowRedirects":"global","_type":"request"},{"_id":"req_fa8a03a367244236be07799b3c56147e","parentId":"fld_c196f90ee40743d6b4c4f079386c20b8","modified":1679256780092,"created":1679256743769,"url":"{{ _.appUrl }}/candidate/gettopicsfromchannel?channelId=21","name":"gettopicsfromchannel","description":"","method":"POST","body":{"mimeType":"application/json","text":""},"parameters":[],"headers":[{"name":"Content-Type","value":"application/json"}],"authentication":{"type":"bearer","token":"{{ _.candidate_token }}","prefix":"{{ _.preFix }}"},"metaSortKey":-1674757953916.625,"isPrivate":false,"settingStoreCookies":true,"settingSendCookies":true,"settingDisableRenderRequestBody":false,"settingEncodeUrl":true,"settingRebuildPath":true,"settingFollowRedirects":"global","_type":"request"},{"_id":"req_9da5069586be4e99bf60dae946826306","parentId":"fld_b3e54357311040668d53b71ded01953c","modified":1678025499792,"created":1674740566598,"url":"{{ _.appUrl }}/administrator/hello","name":"hello","description":"","method":"GET","body":{},"parameters":[],"headers":[],"authentication":{"type":"bearer","token":"{{ _.administrator_token }}","prefix":"{{ _.preFix }}","disabled":false},"metaSortKey":-1674757946047,"isPrivate":false,"settingStoreCookies":true,"settingSendCookies":true,"settingDisableRenderRequestBody":false,"settingEncodeUrl":true,"settingRebuildPath":true,"settingFollowRedirects":"global","_type":"request"},{"_id":"fld_b3e54357311040668d53b71ded01953c","parentId":"wrk_cf0fb3f46a9c4588878418fb9a90ed12","modified":1677955689137,"created":1674740514425,"name":"administrator","description":"","environment":{},"environmentPropertyOrder":null,"metaSortKey":-1674740514425,"_type":"request_group"},{"_id":"req_da35084457424dafa34d3c296a6e2f35","parentId":"fld_b3e54357311040668d53b71ded01953c","modified":1679756091479,"created":1677955795549,"url":"{{ _.appUrl }}/administrator/addlocation","name":"addlocation","description":"","method":"POST","body":{"mimeType":"application/json","text":"{\n\t\"locationName\":\"ahm ILP\",\n\t\"locationDesc\":\"hiii\",\n\t\"foundedDate\":\"2023-03-01\",\n\t\"centerType\":\"IGNITE\",\n\t\"locationCity\":\"Rajkot\"\n}"},"parameters":[],"headers":[{"name":"Content-Type","value":"application/json"}],"authentication":{"type":"bearer","token":"{{ _.administrator_token }}","prefix":"{{ _.preFix }}","disabled":false},"metaSortKey":-1674325475910,"isPrivate":false,"settingStoreCookies":true,"settingSendCookies":true,"settingDisableRenderRequestBody":false,"settingEncodeUrl":true,"settingRebuildPath":true,"settingFollowRedirects":"global","_type":"request"},{"_id":"req_60b3769f13b64e679498dbc3397b28e2","parentId":"fld_b3e54357311040668d53b71ded01953c","modified":1678557651078,"created":1677956415839,"url":"{{ _.appUrl }}/administrator/getlocations","name":"getlocations","description":"","method":"GET","body":{},"parameters":[],"headers":[],"authentication":{"type":"bearer","token":"{{ _.administrator_token }}","prefix":"{{ _.preFix }}","disabled":false},"metaSortKey":-1674109240841.5,"isPrivate":false,"settingStoreCookies":true,"settingSendCookies":true,"settingDisableRenderRequestBody":false,"settingEncodeUrl":true,"settingRebuildPath":true,"settingFollowRedirects":"global","_type":"request"},{"_id":"req_ab8e1ee08a4b4e2a8fd20b3bf3673a3e","parentId":"fld_b3e54357311040668d53b71ded01953c","modified":1679760298712,"created":1678026384835,"url":"{{ _.appUrl }}/administrator/updatelocation","name":"updatelocation","description":"","method":"POST","body":{"mimeType":"application/json","text":"{\n\t\"locationId\": 10,\n\t\"locationName\": \"One\",\n\t\"locationDescription\": \"xxsasa\",\n\t\"foundedDate\": \"2023-03-11\",\n\t\"centerType\": \"IGNITE\",\n\t\"locationCity\": \"Rajkot\"\n}"},"parameters":[],"headers":[{"name":"Content-Type","value":"application/json"}],"authentication":{"type":"bearer","token":"{{ _.administrator_token }}","prefix":"{{ _.preFix }}","disabled":false},"metaSortKey":-1674099104822.664,"isPrivate":false,"settingStoreCookies":true,"settingSendCookies":true,"settingDisableRenderRequestBody":false,"settingEncodeUrl":true,"settingRebuildPath":true,"settingFollowRedirects":"global","_type":"request"},{"_id":"req_ec974e36a12e45e68320add21f70f3b7","parentId":"fld_b3e54357311040668d53b71ded01953c","modified":1678986796311,"created":1678986774178,"url":"{{ _.appUrl }}/administrator/updatestatusoflocation?locationId=1","name":"updatestatusoflocation","description":"","method":"POST","body":{},"parameters":[],"headers":[],"authentication":{"type":"bearer","token":"{{ _.administrator_token }}","prefix":"{{ _.preFix }}","disabled":false},"metaSortKey":-1674063628756.7383,"isPrivate":false,"settingStoreCookies":true,"settingSendCookies":true,"settingDisableRenderRequestBody":false,"settingEncodeUrl":true,"settingRebuildPath":true,"settingFollowRedirects":"global","_type":"request"},{"_id":"req_e7b17e60f5d74f08bfa6634b43239e91","parentId":"fld_b3e54357311040668d53b71ded01953c","modified":1679141667984,"created":1677960303879,"url":"{{ _.appUrl }}/administrator/addlocationadmin","name":"addlocationmember","description":"","method":"POST","body":{"mimeType":"application/json","text":"{\n\t\"firstname\":\"cand\",\n\t\"email\":\"S_LA@tcs.com\",\n\t\"password\":\"pass\",\n\t\"locationId\":22\n}"},"parameters":[],"headers":[{"name":"Content-Type","value":"application/json"}],"authentication":{"type":"bearer","token":"{{ _.administrator_token }}","prefix":"{{ _.preFix }}"},"metaSortKey":-1674028152690.8125,"isPrivate":false,"settingStoreCookies":true,"settingSendCookies":true,"settingDisableRenderRequestBody":false,"settingEncodeUrl":true,"settingRebuildPath":true,"settingFollowRedirects":"global","_type":"request"},{"_id":"req_f356b50baae448f3a6e54d37cd857e51","parentId":"fld_b3e54357311040668d53b71ded01953c","modified":1679059499938,"created":1678910974700,"url":"{{ _.appUrl }}/administrator/updatelocationadmin","name":"updatelocationadmin","description":"","method":"POST","body":{"mimeType":"application/json","text":"{\n\t\"userId\":\t9,\n\t\"userName\":\"darsjit\",\n\t\"email\":\"dkla12@tcs.com\",\n\t\"password\":\"pass\",\n\t\"locationId\":5\n}"},"parameters":[],"headers":[{"name":"Content-Type","value":"application/json"}],"authentication":{"type":"bearer","token":"{{ _.administrator_token }}","prefix":"{{ _.preFix }}"},"metaSortKey":-1674014637999.0312,"isPrivate":false,"settingStoreCookies":true,"settingSendCookies":true,"settingDisableRenderRequestBody":false,"settingEncodeUrl":true,"settingRebuildPath":true,"settingFollowRedirects":"global","_type":"request"},{"_id":"req_157e166d53b24a2e9771bc17f3b19505","parentId":"fld_b3e54357311040668d53b71ded01953c","modified":1678014374736,"created":1677957317183,"url":"{{ _.appUrl }}/administrator/getlocationadmins","name":"getlocationadmins","description":"","method":"GET","body":{},"parameters":[],"headers":[],"authentication":{"type":"bearer","token":"{{ _.administrator_token }}","prefix":"{{ _.preFix }}","disabled":false},"metaSortKey":-1674001123307.25,"isPrivate":false,"settingStoreCookies":true,"settingSendCookies":true,"settingDisableRenderRequestBody":false,"settingEncodeUrl":true,"settingRebuildPath":true,"settingFollowRedirects":"global","_type":"request"},{"_id":"req_9cfe7ec46e6c4dae889765f52faa1fdd","parentId":"fld_b3e54357311040668d53b71ded01953c","modified":1679043588918,"created":1678026764292,"url":"{{ _.macappUrl }}/administrator/updatestatuslocationadmin?userId=88","name":"updatestatuslocationadmin","description":"","method":"POST","body":{},"parameters":[],"headers":[],"authentication":{"type":"bearer","token":"{{ _.administrator_token }}","prefix":"{{ _.preFix }}","disabled":false},"metaSortKey":-1674001123257.25,"isPrivate":false,"settingStoreCookies":true,"settingSendCookies":true,"settingDisableRenderRequestBody":false,"settingEncodeUrl":true,"settingRebuildPath":true,"settingFollowRedirects":"global","_type":"request"},{"_id":"req_5c8b16ad64634863964788edb89d19f5","parentId":"fld_b3e54357311040668d53b71ded01953c","modified":1678646833866,"created":1678022584378,"url":"{{ _.appUrl }}/administrator/maplocationadmintolocation","name":"maplocationadmintolocation","description":"","method":"POST","body":{"mimeType":"application/json","text":"{\n\t\"userId\": 6,\n\t\"locationId\": 1\n}"},"parameters":[],"headers":[{"name":"Content-Type","value":"application/json"}],"authentication":{"type":"bearer","token":"{{ _.administrator_token }}","prefix":"{{ _.preFix }}"},"metaSortKey":-1674001123232.25,"isPrivate":false,"settingStoreCookies":true,"settingSendCookies":true,"settingDisableRenderRequestBody":false,"settingEncodeUrl":true,"settingRebuildPath":true,"settingFollowRedirects":"global","_type":"request"},{"_id":"req_fcd71e8869cf4e59a739202d58fedaa3","parentId":"fld_b3e54357311040668d53b71ded01953c","modified":1678036463748,"created":1678036460480,"url":"{{ _.appUrl }}/administrator/unmaplocationadmintolocation","name":"unmaplocationadmintolocation","description":"","method":"POST","body":{"mimeType":"application/json","text":"{\n\t\"userId\": 2,\n\t\"locationId\": 1\n}"},"parameters":[],"headers":[{"name":"Content-Type","value":"application/json"}],"authentication":{"type":"bearer","token":"{{ _.administrator_token }}","prefix":"{{ _.preFix }}"},"metaSortKey":-1674001123219.75,"isPrivate":false,"settingStoreCookies":true,"settingSendCookies":true,"settingDisableRenderRequestBody":false,"settingEncodeUrl":true,"settingRebuildPath":true,"settingFollowRedirects":"global","_type":"request"},{"_id":"req_562902ca0db344a89200b81d0f87afcc","parentId":"fld_b3e54357311040668d53b71ded01953c","modified":1678026946547,"created":1678025012997,"url":"{{ _.appUrl }}/administrator/getmappedlocationadmintolocation","name":"getmappedlocationadmintolocation","description":"","method":"GET","body":{},"parameters":[],"headers":[],"authentication":{"type":"bearer","token":"{{ _.administrator_token }}","prefix":"{{ _.preFix }}","disabled":false},"metaSortKey":-1674001123207.25,"isPrivate":false,"settingStoreCookies":true,"settingSendCookies":true,"settingDisableRenderRequestBody":false,"settingEncodeUrl":true,"settingRebuildPath":true,"settingFollowRedirects":"global","_type":"request"},{"_id":"req_13a424b476b44c5cab7dff97e7a7c8bb","parentId":"fld_c1907d4be2e8451b8eac438cfd887070","modified":1679756114579,"created":1673893005773,"url":"{{ _.appUrl }}/api/v1/auth/authenticate","name":"Auth Login","description":"","method":"POST","body":{"mimeType":"application/json","text":"{\n\t\"email\": \"1@tcs.com\",\n\t\"password\": \"pass\"\n}"},"parameters":[],"headers":[{"name":"Content-Type","value":"application/json"}],"authentication":{},"metaSortKey":-1673893005773,"isPrivate":false,"settingStoreCookies":true,"settingSendCookies":true,"settingDisableRenderRequestBody":false,"settingEncodeUrl":true,"settingRebuildPath":true,"settingFollowRedirects":"global","_type":"request"},{"_id":"fld_c1907d4be2e8451b8eac438cfd887070","parentId":"wrk_cf0fb3f46a9c4588878418fb9a90ed12","modified":1674740368584,"created":1674740355668,"name":"Login","description":"","environment":{},"environmentPropertyOrder":null,"metaSortKey":-1673423196496.1875,"_type":"request_group"},{"_id":"req_0178fdc224de462eab4950751a3293f0","parentId":"fld_c1907d4be2e8451b8eac438cfd887070","modified":1678010269439,"created":1674757454451,"url":"{{ _.appUrl }}/api/v1/auth/bulkAuthenticate","name":"Bulk Login","description":"","method":"POST","body":{"mimeType":"application/json","text":"[\n\t{\n\t\t\"email\": \"1@tcs.com\",\n\t\t\"password\": \"root\"\n\t},\n\t{\n\t\t\"email\": \"2@tcs.com\",\n\t\t\"password\": \"root\"\n\t},\n\t{\n\t\t\"email\": \"3@tcs.com\",\n\t\t\"password\": \"root\"\n\t},\n\t{\n\t\t\"email\": \"4@tcs.com\",\n\t\t\"password\": \"root\"\n\t},\n\t{\n\t\t\"email\": \"5@tcs.com\",\n\t\t\"password\": \"root\"\n\t}\n]"},"parameters":[],"headers":[{"name":"Content-Type","value":"application/json"}],"authentication":{},"metaSortKey":-1673893005748,"isPrivate":false,"settingStoreCookies":true,"settingSendCookies":true,"settingDisableRenderRequestBody":false,"settingEncodeUrl":true,"settingRebuildPath":true,"settingFollowRedirects":"global","_type":"request"},{"_id":"req_c9a8684058a34e32aed716ae0a7b9b74","parentId":"fld_c1907d4be2e8451b8eac438cfd887070","modified":1678023109050,"created":1674738702103,"url":"{{ _.appUrl }}/api/v1/auth/bulkregister","name":"Bulk Resigter","description":"","method":"POST","body":{"mimeType":"application/json","text":"[\n\t{\n\t\t\"firstname\": \"darshit\",\n\t\t\"lastname\": \"kacha\",\n\t\t\"email\": \"CANDIDATE@tcs.com\",\n\t\t\"password\": \"pass\",\n\t\t\"role\":\"CANDIDATE\"\n\t},\n\t{\n\t\t\"firstname\": \"darshit\",\n\t\t\"lastname\": \"kacha\",\n\t\t\"email\": \"LOCATIONADMIN@tcs.com\",\n\t\t\"password\": \"pass\",\n\t\t\"role\":\"LOCATIONADMIN\"\n\t},\n\t{\n\t\t\"firstname\": \"darshit\",\n\t\t\"lastname\": \"kacha\",\n\t\t\"email\": \"COURSEOWNER@tcs.com\",\n\t\t\"password\": \"pass\",\n\t\t\"role\":\"COURSEOWNER\"\n\t},\n\t{\n\t\t\"firstname\": \"darshit\",\n\t\t\"lastname\": \"kacha\",\n\t\t\"email\": \"PROJECTMANAGER@tcs.com\",\n\t\t\"password\": \"pass\",\n\t\t\"role\":\"PROJECTMANAGER\"\n\t},\n\t{\n\t\t\"firstname\": \"darshit\",\n\t\t\"lastname\": \"kacha\",\n\t\t\"email\": \"ADMINISTRATOR@tcs.com\",\n\t\t\"password\": \"pass\",\n\t\t\"role\":\"ADMINISTRATOR\"\n\t}\n]"},"parameters":[],"headers":[{"name":"Content-Type","value":"application/json"}],"authentication":{},"metaSortKey":-1673893005723,"isPrivate":false,"settingStoreCookies":true,"settingSendCookies":true,"settingDisableRenderRequestBody":false,"settingEncodeUrl":true,"settingRebuildPath":true,"settingFollowRedirects":"global","_type":"request"},{"_id":"req_a690d1fc13ad4564a941c30fd9e360f9","parentId":"fld_c1907d4be2e8451b8eac438cfd887070","modified":1679146428955,"created":1673894384945,"url":"{{ _.appUrl }}/api/v1/auth/register","name":"Auth Resigter","description":"","method":"POST","body":{"mimeType":"application/json","text":"{\n\t\"firstname\":\"raja\",\n\t\"lastname\":\"Gem\",\n\t\"email\":\"S_A@tcs.com\",\n\t\"password\":\"pass\",\n\t\"role\":\"LOCATIONADMIN\"\n}"},"parameters":[],"headers":[{"name":"Content-Type","value":"application/json"}],"authentication":{},"metaSortKey":-1673893005673,"isPrivate":false,"settingStoreCookies":true,"settingSendCookies":true,"settingDisableRenderRequestBody":false,"settingEncodeUrl":true,"settingRebuildPath":true,"settingFollowRedirects":"global","_type":"request"},{"_id":"req_0984a159cddc428fa51a10443684dae6","parentId":"fld_9f3acc579b8e4cd785864c2a701e7166","modified":1679247915534,"created":1673497358753,"url":"{{ _.appUrl }}/api/v1/demo/getEmailbyAuthentication","name":"getEmailbyAuthentication","description":"","method":"GET","body":{"mimeType":"application/json","text":""},"parameters":[],"headers":[{"name":"Content-Type","value":"application/json"}],"authentication":{"type":"bearer","token":"{{ _.projectmanger_token }}","prefix":"{{ _.preFix }}","disabled":false},"metaSortKey":-1673497358753,"isPrivate":false,"settingStoreCookies":true,"settingSendCookies":true,"settingDisableRenderRequestBody":false,"settingEncodeUrl":true,"settingRebuildPath":true,"settingFollowRedirects":"global","_type":"request"},{"_id":"fld_9f3acc579b8e4cd785864c2a701e7166","parentId":"wrk_cf0fb3f46a9c4588878418fb9a90ed12","modified":1674740497647,"created":1674740484803,"name":"getData","description":"","environment":{},"environmentPropertyOrder":null,"metaSortKey":-1673274871932.5625,"_type":"request_group"},{"_id":"req_2c9f8a16faaf451d852cf724a498bc11","parentId":"fld_9f3acc579b8e4cd785864c2a701e7166","modified":1679765430087,"created":1673946959169,"url":"{{ _.appUrl }}/api/v1/demo/getAuthoritiesbyAuthentication","name":"getAuthoritiesbyAuthentication","description":"","method":"POST","body":{"mimeType":"application/json","text":""},"parameters":[],"headers":[{"name":"Content-Type","value":"application/json"}],"authentication":{"type":"bearer","token":"{{ _.projectmanger_token }}","prefix":"{{ _.preFix }}"},"metaSortKey":-1673497358728,"isPrivate":false,"settingStoreCookies":true,"settingSendCookies":true,"settingDisableRenderRequestBody":false,"settingEncodeUrl":true,"settingRebuildPath":true,"settingFollowRedirects":"global","_type":"request"},{"_id":"req_1c7157f8169c48c1864bd54a7d63d003","parentId":"fld_9f3acc579b8e4cd785864c2a701e7166","modified":1679156307865,"created":1678016166114,"url":"{{ _.appUrl }}/api/v1/demo/getlocation","name":"getlocation","description":"","method":"GET","body":{"mimeType":"application/json","text":""},"parameters":[],"headers":[{"name":"Content-Type","value":"application/json"}],"authentication":{"type":"bearer","token":"{{ _.administrator_token }}","prefix":"{{ _.preFix }}"},"metaSortKey":-1673497358715.5,"isPrivate":false,"settingStoreCookies":true,"settingSendCookies":true,"settingDisableRenderRequestBody":false,"settingEncodeUrl":true,"settingRebuildPath":true,"settingFollowRedirects":"global","_type":"request"},{"_id":"req_01e0362b543344088e28168f5aeef73f","parentId":"fld_9f3acc579b8e4cd785864c2a701e7166","modified":1679589895649,"created":1679587136403,"url":"{{ _.appUrl }}/api/v1/demo/changepassword","name":"getPassword","description":"","method":"POST","body":{"mimeType":"application/json","text":"{\n\t\"oldPassword\":\"pp1\",\n\t\"newPassword\":\"Abcd@123\"\n}"},"parameters":[],"headers":[{"name":"Content-Type","value":"application/json"}],"authentication":{"type":"bearer","token":"eyJhbGciOiJIUzI1NiJ9.eyJzdWIiOiJBX0NAdGNzLmNvbSIsImlzcyI6IlRDUyBJZ25pdGUgQEJhdGNoIDM1IEE1IiwiaWF0IjoxNjc5NTg3NjA0LCJleHAiOjE2ODAxMTMyMDR9.xR7uHIQTaE21o9yMqH64wDpArHGcREVw1ju07EvzWm8","prefix":"{{ _.preFix }}"},"metaSortKey":-1673497358709.25,"isPrivate":false,"settingStoreCookies":true,"settingSendCookies":true,"settingDisableRenderRequestBody":false,"settingEncodeUrl":true,"settingRebuildPath":true,"settingFollowRedirects":"global","_type":"request"},{"_id":"req_e07a7d3fc8c642e984b2f827488af8e3","parentId":"fld_9f3acc579b8e4cd785864c2a701e7166","modified":1679254188977,"created":1673946576372,"url":"{{ _.appUrl }}/api/v1/demo/getEmailbyPrincipal","name":"getEmailbyPrincipal","description":"","method":"GET","body":{"mimeType":"application/json","text":""},"parameters":[],"headers":[{"name":"Content-Type","value":"application/json"}],"authentication":{"type":"bearer","token":"{{ _.courserowner_token }}","prefix":"{{ _.preFix }}"},"metaSortKey":-1673497358703,"isPrivate":false,"settingStoreCookies":true,"settingSendCookies":true,"settingDisableRenderRequestBody":false,"settingEncodeUrl":true,"settingRebuildPath":true,"settingFollowRedirects":"global","_type":"request"},{"_id":"env_80ff0d1d197fd75af22b8d6eb9be75343e2fe252","parentId":"wrk_cf0fb3f46a9c4588878418fb9a90ed12","modified":1681043695596,"created":1673497355474,"name":"Base Environment","data":{"appUrl":"http://localhost:8099/coursemanagement","localappUrl":"http://localhost:8080","macappUrl":"http://172.20.202.237:8099/coursemanagement","administrator_token":"eyJhbGciOiJIUzI1NiJ9.eyJzdWIiOiIxQHRjcy5jb20iLCJpc3MiOiJUQ1MgSWduaXRlIEBCYXRjaCAzNSBBNSIsImlhdCI6MTY3OTc1NjExNiwiZXhwIjoxNjgwMjgxNzE2fQ.aMrVgjqFZs7jNsLo-3-dPguB6WtS3eX9vjWrII82CP0","locationadmin_token":"eyJhbGciOiJIUzI1NiJ9.eyJzdWIiOiJBX0xBQHRjcy5jb20iLCJpc3MiOiJUQ1MgSWduaXRlIEBCYXRjaCAzNSBBNSIsImlhdCI6MTY4MTA0MzY3MywiZXhwIjoxNjgxNTY5MjczfQ.iJkun_wZfw3zraQC87WS09Aqt6ARjMOUucKJAUGF4EE","courserowner_token":"eyJhbGciOiJIUzI1NiJ9.eyJzdWIiOiJBX0NPQHRjcy5jb20iLCJpc3MiOiJUQ1MgSWduaXRlIEBCYXRjaCAzNSBBNSIsImlhdCI6MTY3OTE2MjcyMiwiZXhwIjoxNjc5Njg4MzIyfQ.1DWtA1ElNbUSSpOunIyG-79E-6Oo2_ox3U_jBwYUQIw","projectmanger_token":"eyJhbGciOiJIUzI1NiJ9.eyJzdWIiOiJBX1BNQHRjcy5jb20iLCJpc3MiOiJUQ1MgSWduaXRlIEBCYXRjaCAzNSBBNSIsImlhdCI6MTY3OTI0ODA3MCwiZXhwIjoxNjc5NzczNjcwfQ.hkIKWp2vmuyOJUEP32QkT6iDNYgy95jqT7p5WyU2vio","candidate_token":"eyJhbGciOiJIUzI1NiJ9.eyJzdWIiOiJBX0NAdGNzLmNvbSIsImlzcyI6IlRDUyBJZ25pdGUgQEJhdGNoIDM1IEE1IiwiaWF0IjoxNjc5MjU1ODU5LCJleHAiOjE2Nzk3ODE0NTl9.S8CqhIBCu-PRrd-Jm--qnqq_MMSfamTCvCQRSgxIhko","preFix":"Bearer"},"dataPropertyOrder":{"&":["appUrl","localappUrl","macappUrl","administrator_token","locationadmin_token","courserowner_token","projectmanger_token","candidate_token","preFix"]},"color":null,"isPrivate":false,"metaSortKey":1673497355474,"_type":"environment"},{"_id":"jar_80ff0d1d197fd75af22b8d6eb9be75343e2fe252","parentId":"wrk_cf0fb3f46a9c4588878418fb9a90ed12","modified":1673497355479,"created":1673497355479,"name":"Default Jar","cookies":[],"_type":"cookie_jar"},{"_id":"spc_eb432514fbcf4ed79c77cd3b41d8c888","parentId":"wrk_cf0fb3f46a9c4588878418fb9a90ed12","modified":1673497355427,"created":1673497355427,"fileName":"delete","contents":"","contentType":"yaml","_type":"api_spec"}]}